JUGADOR;EQUIPO;PJ;PI;MIN;GOL;ASIS.;TIROS;TIRO_ARCO;ATAJ;VAY_INV;TARJ_AM;TARJ_ROJ;FAL_COM;FAL_REC;OFFSIDE
Aarón Escandell;Granada CF;0;0;0;0;0;0;0;0;0;0;0;0;0;0
Abdón Prats;Mallorca;10;0;132;0;0;6;3;0;0;1;0;4;1;0
Abdul Rahman Baba;Mallorca;2;2;109;0;0;0;0;0;0;1;0;1;0;0
Adnan Januzaj;Real Sociedad;11;5;442;0;3;8;3;0;0;1;0;7;16;1
Adrià Pedrosa;Español;11;8;735;1;0;11;5;0;0;1;0;4;11;1
Adrián López;Osasuna;12;7;627;0;0;5;3;0;0;0;0;3;2;2
Adrián Marín;Alavés;4;4;338;0;0;1;0;0;0;0;0;10;1;0
Aihen Muñoz;Real Sociedad;3;3;265;0;0;0;0;0;0;0;0;0;2;0
Aïssa Mandi;Real Betis;15;15;1318;0;0;6;1;0;0;6;0;13;9;2
Aitor Fernández;Levante;19;19;1710;0;0;0;0;84;2;2;0;0;2;0
Aitor Ruibal;Leganés;7;2;190;0;0;0;0;0;0;1;0;5;2;1
Alberto Moreno;Villarreal;4;3;299;0;0;3;0;0;0;1;0;3;2;0
Alberto Rodríguez;Alavés;2;0;10;0;0;0;0;0;0;0;0;1;0;0
Aleix Febas;Mallorca;18;15;1190;0;3;5;3;0;0;3;0;12;32;0
Aleix Vidal;Alavés;19;17;1494;1;3;11;5;0;0;3;0;15;29;2
Alejandro Martínez Sánchez;Granada CF;1;0;14;0;0;1;0;0;0;1;0;0;0;0
Alejandro Pozo;Sevilla;3;0;34;0;0;0;0;0;0;0;0;0;0;0
Alejandro Remiro;Real Sociedad;12;12;1080;0;0;0;0;29;3;0;0;0;3;0
Aleksandar Trajkovski;Mallorca;7;0;147;0;0;2;0;0;0;0;0;4;4;0
Aleksander Sedlar;Mallorca;2;2;152;0;0;0;0;0;0;1;0;2;3;0
Alexánder Alegría Moreno;Mallorca;6;0;103;0;0;0;0;0;0;0;0;5;4;1
Alexander Isak;Real Sociedad;19;3;579;4;0;15;9;0;0;2;0;9;4;9
Alexandre Moreno Lopera;Real Betis;15;12;1084;0;4;10;6;0;0;1;0;12;20;3
Alfonso Pedraza;Real Betis;11;9;783;0;0;5;2;0;0;1;0;10;12;1
Allan Romeo Nyom;Getafe;18;16;1284;1;0;3;1;0;0;6;0;31;10;2
Alphonse Areola;Real Madrid;3;3;270;0;0;0;0;4;1;1;0;1;0;0
Álvaro Morata;Atlético de Madrid;16;13;1156;7;1;37;20;0;0;3;1;35;37;25
Álvaro Odriozola;Real Madrid;4;4;344;0;1;0;0;0;0;1;1;7;4;0
Álvaro Vadillo;Granada CF;17;11;952;3;1;9;5;0;0;0;0;8;15;4
Amath Ndiaye;Getafe;1;0;9;0;0;0;0;0;0;0;0;1;1;0
Anaitz Arbilla;Eibar;14;14;1257;1;0;9;1;0;0;5;0;14;7;0
Ander Barrenetxea;Real Sociedad;7;0;42;0;0;0;0;0;0;0;0;4;1;0
Ander Capa;Athletic Club;18;18;1594;2;4;6;4;0;0;6;0;25;11;3
Ander Guevara;Real Sociedad;8;7;554;0;0;2;0;0;0;2;0;14;2;0
Ander Iturraspe;Español;2;0;37;0;0;0;0;0;0;0;0;2;0;0
Andoni Gorosabel;Real Sociedad;4;3;283;0;0;1;1;0;0;0;0;3;5;0
André Felipe Grandi;Leganés;0;0;0;0;0;0;0;0;0;0;0;0;0;0
André-Frank Zambo Anguissa;Villarreal;18;17;1494;1;0;15;6;0;0;4;0;24;23;0
Andrei Ratiu;Villarreal;0;0;0;0;0;0;0;0;0;0;0;0;0;0
Andrés Fernández;Villarreal;3;3;270;0;0;0;0;9;0;1;0;1;1;0
Andrés Guardado;Real Betis;15;13;1148;0;1;6;3;0;0;6;0;19;14;0
Andrés Prieto;Español;0;0;0;0;0;0;0;0;0;0;0;0;0;0
Andriy Lunin;Real Valladolid;0;0;0;0;0;0;0;0;0;0;0;0;0;0
Ángel Martín Correa;Atlético de Madrid;14;8;822;3;5;16;9;0;0;5;0;13;13;5
Ángel Montoro;Granada CF;12;11;883;1;4;6;4;0;0;5;0;21;15;0
Ángel Rodríguez;Getafe;18;6;887;8;1;26;12;0;0;3;0;33;20;19
Anssumane Fati;Barcelona;10;3;333;2;1;10;5;0;0;1;0;6;5;1
Ante Budimir;Mallorca;18;18;1453;6;0;23;8;0;0;5;0;42;39;12
Antoine Griezmann;Barcelona;18;17;1470;7;4;23;17;0;0;2;0;9;11;10
Antonio Adán;Atlético de Madrid;1;0;24;0;0;0;0;1;0;0;0;0;0;0
Antonio Barragán;Real Betis;5;3;284;0;1;0;0;0;0;1;0;3;5;0
Antonio García Aranda;Levante;7;7;630;0;1;1;0;0;0;0;0;4;9;3
Antonio Jesús Regal Angulo;Real Valladolid;6;4;338;0;0;0;0;0;0;1;0;2;4;1
Antonio Moya;Atlético de Madrid;0;0;0;0;0;0;0;0;0;0;0;0;0;0
Antonio Raíllo;Mallorca;15;15;1317;0;0;7;1;0;0;2;1;14;2;2
Aridane Hernández;Osasuna;14;14;1260;1;0;4;1;0;0;3;0;6;5;0
Aritz Aduriz;Athletic Club;10;0;138;1;0;2;2;0;0;2;0;6;1;0
Aritz Arambarri;Real Sociedad;0;0;0;0;0;0;0;0;0;0;0;0;0;0
Aritz Castro;Alavés;0;0;0;0;0;0;0;0;0;0;0;0;0;0
Aritz Elustondo;Real Sociedad;8;7;555;0;0;0;0;0;0;0;0;2;2;0
Arthur Henrique Ramos de Oliveira Melo;Barcelona;9;8;655;2;3;4;3;0;0;1;0;6;24;1
Arturo Erasmo Vidal Pardo;Barcelona;15;4;569;6;0;8;6;0;0;2;0;18;8;4
Asier Illarramendi;Real Sociedad;3;3;217;0;0;1;0;0;0;0;0;2;3;0
Asier Villalibre;Athletic Club;4;0;66;0;0;1;0;0;0;0;0;2;3;3
Benzema;Real Madrid;18;18;1565;12;5;66;35;0;0;0;0;10;8;9
Beñat;Athletic Club;9;2;318;0;0;4;2;0;0;0;0;2;2;0
Bernardo Espinosa;Español;11;11;990;2;0;8;4;0;0;3;0;14;5;1
Borja Iglesias;Real Betis;18;10;967;2;2;15;5;0;0;1;0;16;11;9
Borja Mayoral;Levante;16;11;989;4;1;17;10;0;0;1;0;7;12;6
Borja Sainz;Alavés;8;2;254;0;0;5;2;0;0;1;0;7;3;1
Brahim Díaz;Real Madrid;3;0;23;0;0;0;0;0;0;0;0;0;4;0
Brais Méndez;Celta de Vigo;17;9;863;0;1;9;5;0;0;2;0;19;24;3
Bruno González;Getafe;2;2;180;0;0;0;0;0;0;1;0;6;2;1
Bryan Gil;Sevilla;2;0;63;0;0;0;0;0;0;2;0;1;0;0
Burgui;Alavés;1;0;4;0;0;0;0;0;0;0;0;0;0;0
Carles Aleñá;Real Betis;5;2;179;0;0;2;1;0;0;0;0;3;2;0
Carles Pérez;Barcelona;9;5;462;1;2;9;6;0;0;0;0;3;3;2
Carlos Bacca;Villarreal;10;2;241;0;0;5;2;0;0;1;0;5;0;3
Carlos Clerc;Levante;12;12;1080;0;1;2;0;0;0;4;0;13;13;1
Carlos Fernández;Granada CF;17;8;961;3;1;13;6;0;0;4;0;30;17;2
Carlos Henrique Casimiro;Real Madrid;17;17;1500;1;1;15;5;0;0;5;0;42;29;1
Carlos Marín;Real Betis;0;0;0;0;0;0;0;0;0;0;0;0;0;0
Carlos Neva;Granada CF;12;11;1001;0;0;2;1;0;0;1;0;3;11;0
Carlos Soler;Valencia CF;10;8;717;1;0;5;2;0;0;3;0;7;8;1
Carvajal Carvajal;Real Madrid;16;16;1440;1;4;10;6;0;0;4;0;20;13;2
Charles Dias de Oliveira;Eibar;16;7;708;2;0;8;5;0;0;4;0;23;12;5
Chidozie Collins Awaziem;Leganés;12;10;964;0;0;3;0;0;0;3;0;9;5;1
Christian Rivera;Leganés;5;3;309;0;0;0;0;0;0;3;0;6;5;0
Cillessen;Valencia CF;14;14;1197;0;1;0;0;42;3;1;0;0;2;0
Clément Nicolas Laurent Lenglet;Barcelona;15;15;1342;1;1;6;2;0;0;4;1;19;12;1
Cristian Portugués Manzanera;Real Sociedad;18;14;1352;5;5;14;10;0;0;4;0;21;14;11
Cristian Rivero;Valencia CF;0;0;0;0;0;0;0;0;0;0;0;0;0;0
Cristian Tello;Real Betis;10;3;344;0;0;7;4;0;0;0;0;3;2;0
Cristiano Piccini;Valencia CF;2;1;75;0;0;1;0;0;0;0;0;1;1;0
Damián Suárez;Getafe;15;15;1302;0;3;4;0;0;0;8;0;25;31;0
Daniel Cárdenas;Levante;0;0;0;0;0;0;0;0;0;0;0;0;0;0
Daniel Filipe Martins Carriço;Sevilla;11;10;848;0;0;6;0;0;0;3;0;8;2;0
Daniel García Carrillo;Athletic Club;19;19;1710;0;0;7;0;0;0;4;0;31;22;0
Daniel José Rodríguez Vázquez;Mallorca;19;18;1513;3;0;18;7;0;0;2;0;31;30;4
Daniel Martín Fernández;Real Betis;2;1;170;0;0;0;0;3;0;0;0;0;0;0
Daniel Morer Cabrera;Barcelona;0;0;0;0;0;0;0;0;0;0;0;0;0;0
Daniel Parejo Muñoz;Valencia CF;18;18;1620;6;2;18;11;0;0;4;0;13;53;2
Daniel Rebollo;Real Betis;0;0;0;0;0;0;0;0;0;0;0;0;0;0
Daniel Torres;Alavés;0;0;0;0;0;0;0;0;0;0;0;0;0;0
Daniel Vivian;Athletic Club;0;0;0;0;0;0;0;0;0;0;0;0;0;0
Daniel Wass;Valencia CF;18;17;1537;1;4;10;2;0;0;4;0;19;21;1
Darío Poveda;Atlético de Madrid;1;0;7;0;0;0;0;0;0;0;0;0;0;0
Darko Brasanac;Osasuna;14;12;1049;0;1;11;6;0;0;4;0;24;10;2
Darwin Daniel Machís Marcano;Granada CF;19;9;1013;2;1;28;15;0;0;2;0;21;17;5
David Costas;Celta de Vigo;6;3;335;0;0;1;0;0;0;1;0;5;2;0
David García;Osasuna;15;15;1350;0;0;7;3;0;0;2;0;20;7;0
David Juncà;Celta de Vigo;3;3;259;0;0;0;0;0;0;1;0;5;7;1
David López;Español;15;12;1047;1;2;3;3;0;0;1;0;19;15;0
David Remeseiro Salgueiro;Getafe;11;11;877;1;4;8;5;0;0;5;0;16;20;1
David Soria;Getafe;19;19;1710;0;0;0;0;44;6;1;0;1;0;0
David Timor;Getafe;8;3;308;2;0;7;3;0;0;2;0;7;6;0
David Zurutuza;Real Sociedad;4;1;92;0;0;0;0;0;0;0;0;1;0;0
Denis Cheryshev;Valencia CF;10;5;455;1;1;8;4;0;0;5;0;14;6;0
Denis Suárez;Celta de Vigo;16;15;1199;1;2;10;7;0;0;2;0;11;26;0
Dídac Vilá;Español;14;12;1112;0;0;4;1;0;0;2;0;13;10;2
Diego Altube;Real Madrid;0;0;0;0;0;0;0;0;0;0;0;0;0;0
Diego Carlos Santos Silva;Sevilla;19;19;1695;2;0;13;3;0;0;4;0;25;4;0
Diego Da Silva Costa;Atlético de Madrid;11;8;757;2;2;12;3;0;0;2;0;13;11;11
Diego Javier Llorente Ríos;Real Sociedad;16;16;1358;0;1;5;1;0;0;1;1;14;11;2
Diego Lainez Leyva;Real Betis;10;1;209;0;0;2;1;0;0;0;0;4;10;0
Diego López;Español;19;19;1710;0;0;0;0;54;2;1;0;0;4;0
Dimitri Foulquier;Granada CF;1;0;31;0;0;1;1;0;0;0;0;1;0;0
Dimitrios Siovas;Leganés;13;13;1029;0;0;6;3;0;0;3;0;13;4;2
Djené Dakonam Ortega;Getafe;17;17;1530;0;0;3;1;0;0;2;0;25;15;1
Domingos de Sousa Coutinho Meneses Duarte;Granada CF;19;19;1665;2;0;6;3;0;0;4;0;18;10;2
Eden Hazard;Real Madrid;8;7;607;1;1;8;6;0;0;0;0;9;30;2
Éder Gabriel Militão;Real Madrid;7;5;452;0;0;1;1;0;0;2;0;7;10;2
Edgar González;Real Betis;2;2;149;0;0;0;0;0;0;1;0;2;1;0
Edinaldo Gomes Pereira;Español;14;12;1061;0;0;5;0;0;0;5;1;17;3;0
Eduardo Expósito;Eibar;18;10;1016;1;1;7;3;0;0;3;0;13;7;0
Ekhi Bravo;Eibar;0;0;0;0;0;0;0;0;0;0;0;0;0;0
Eliaquim Mangala;Valencia CF;2;2;180;0;0;1;0;0;0;0;0;2;0;0
Eliseo Falcón;Levante;1;1;74;0;0;0;0;0;0;0;1;2;0;0
Emerson Aparecido Leite de Souza Junior;Real Betis;16;16;1440;3;4;12;4;0;0;4;0;21;45;1
Enes Ünal;Real Valladolid;16;9;1004;3;1;19;8;0;0;2;0;19;28;9
Enis Bardhi;Levante;14;10;950;2;1;19;9;0;0;4;0;23;20;4
Enrique Gallego Puigsech;Getafe;5;2;162;0;0;2;1;0;0;0;0;4;2;0
Enrique García Martínez;Eibar;15;11;996;3;0;25;9;0;0;2;0;31;14;7
Enrique González Casín;Eibar;9;3;342;0;1;6;1;0;0;0;0;8;10;2
Erick Cabaco;Levante;9;7;634;0;0;2;0;0;0;3;0;6;5;0
Esteban Burgos;Eibar;1;0;69;0;0;0;0;0;0;0;0;0;1;0
Esteban Granero;Español;11;5;472;1;0;7;7;0;0;5;0;15;6;0
Éver Banega;Sevilla;18;18;1508;2;6;18;7;0;0;4;0;16;36;1
Ezequiel Ávila;Osasuna;18;16;1445;9;2;48;23;0;0;6;0;42;40;23
Ezequiel Garay;Valencia CF;15;15;1305;0;0;4;3;0;0;2;0;8;1;0
Fabián Orellana;Eibar;16;16;1370;4;4;22;11;0;0;5;1;13;29;4
Fabricio Agosto Ramírez;Mallorca;1;1;90;0;0;0;0;3;0;1;0;1;0;0
Facundo Ferreyra;Español;11;5;524;1;0;7;5;0;0;2;0;23;8;5
Facundo Roncaglia;Osasuna;9;9;754;1;0;1;1;0;0;1;2;12;7;0
Faycal Fajr;Getafe;6;5;388;0;0;7;3;0;0;2;0;3;5;0
Federico Barba;Real Valladolid;5;5;450;0;0;1;1;0;0;3;0;8;5;0
Federico San Emeterio Díaz;Real Valladolid;8;8;714;0;0;0;0;0;0;1;0;12;13;0
Federico Santiago Valverde Dipetta;Real Madrid;15;10;888;2;3;12;6;0;0;1;0;11;6;0
Federico Vico Villegas;Granada CF;5;4;259;1;0;3;1;0;0;0;0;2;4;0
Felipe Augusto de Almeida Monteiro;Atlético de Madrid;14;13;1171;1;0;9;4;0;0;4;0;17;11;1
Ferland Mendy;Real Madrid;10;9;804;0;0;4;1;0;0;3;1;10;12;1
Fernando Calero;Español;12;11;946;0;0;0;0;0;0;4;1;7;5;0
Fernando Francisco Reges;Sevilla;17;17;1530;0;1;3;0;0;0;8;0;21;14;1
Fernando Pacheco;Alavés;16;16;1440;0;0;0;0;41;5;0;0;0;0;0
Ferrán Torres;Valencia CF;18;14;1201;3;3;17;9;0;0;2;0;15;20;4
Florent Poulolo;Getafe;0;0;0;0;0;0;0;0;0;0;0;0;0;0
Francis Coquelin;Valencia CF;15;14;1186;0;0;4;0;0;0;2;1;16;20;1
Francisco Barbosa Vieites;Celta de Vigo;0;0;0;0;0;0;0;0;0;0;0;0;0;0
Francisco Beltrán;Celta de Vigo;14;9;821;0;0;2;1;0;0;2;1;5;6;0
Francisco Gámez;Mallorca;11;11;990;0;1;2;0;0;0;1;0;11;3;1
Francisco Javier Campos Coll;Mallorca;6;3;299;0;0;1;0;0;0;1;0;6;3;0
Francisco Javier García Fernández;Real Betis;7;4;360;0;0;3;1;0;0;2;0;3;5;0
Francisco José Olivas Alba;Real Valladolid;19;19;1710;1;0;4;3;0;0;1;0;7;17;2
Francisco Mérida Pérez;Osasuna;14;9;816;0;0;6;1;0;0;5;1;12;12;0
Francisco Portillo;Getafe;13;3;335;0;1;2;1;0;0;2;0;9;3;0
Franco Damián Vázquez;Sevilla;16;4;521;3;0;7;5;0;0;2;0;13;20;6
Frenkie de Jong;Barcelona;19;17;1438;1;2;2;2;0;0;1;1;18;20;1
Gabriel Armando de Abreu;Valencia CF;17;16;1456;0;0;3;1;0;0;2;0;8;13;0
Gabriel Fernández;Celta de Vigo;13;4;386;1;1;3;2;0;0;1;1;9;6;4
Gaizka Larrazabal;Athletic Club;8;1;173;0;0;1;1;0;0;0;0;5;3;1
Gareth Bale;Real Madrid;12;9;836;2;2;23;11;0;0;1;1;13;9;4
Geoffrey Kondogbia;Valencia CF;11;8;677;0;0;3;0;0;0;3;0;16;12;1
Gerard Moreno Balaguero;Villarreal;19;18;1584;8;2;41;18;0;0;2;0;24;27;11
Germán Sánchez;Granada CF;14;13;1162;2;0;6;4;0;0;6;0;16;13;0
German Valera;Atlético de Madrid;1;0;3;0;0;0;0;0;0;0;0;0;0;0
Gonçalo Manuel Ganchinho Guedes;Valencia CF;6;5;444;0;0;6;4;0;0;0;0;8;20;2
Gonzalo Ávila;Español;2;1;116;0;0;1;1;0;0;1;0;3;1;0
Gonzalo Escalante;Eibar;16;13;1200;0;1;15;3;0;0;3;1;19;25;1
Gonzalo Melero;Levante;10;7;565;1;1;6;3;0;0;2;0;12;13;1
Gonzalo Pereira;Levante;1;0;13;0;0;0;0;0;0;0;0;0;0;0
Guido Carrillo;Leganés;14;6;610;0;1;15;7;0;0;0;0;11;15;1
Héctor Miguel Herrera López;Atlético de Madrid;12;8;732;0;1;6;0;0;0;0;0;12;8;1
Hernâni Jorge Santos Fortes;Levante;8;4;360;2;0;10;5;0;0;0;1;2;8;3
Hugo Duro;Getafe;2;1;71;0;0;2;1;0;0;1;0;5;2;0
Hugo Mallo;Celta de Vigo;16;14;1196;0;1;3;1;0;0;4;0;14;15;3
Iago Aspas;Celta de Vigo;19;19;1707;7;0;39;23;0;0;4;0;12;36;14
Iago Herrerín;Athletic Club;1;1;90;0;0;0;0;2;0;0;0;0;0;0
Ibai Gómez;Athletic Club;9;3;401;0;0;8;3;0;0;0;0;1;2;1
Iddrisu Baba;Mallorca;17;17;1405;0;0;4;0;0;0;5;0;26;29;1
Ignacio Monreal;Real Sociedad;16;16;1395;1;0;7;3;0;0;1;0;25;7;1
Ignacio Peña;Barcelona;0;0;0;0;0;0;0;0;0;0;0;0;0;0
Ignacio Vidal Miralles;Osasuna;12;12;1018;0;0;5;1;0;0;3;0;13;15;0
Igor Zubeldia;Real Sociedad;17;16;1444;0;1;4;0;0;0;5;0;29;13;0
Iker Losada;Celta de Vigo;2;0;11;1;0;1;1;0;0;0;0;0;0;0
Iker Muniain;Athletic Club;13;12;1096;4;0;14;8;0;0;0;0;7;26;2
Iñaki Álvarez;Osasuna;0;0;0;0;0;0;0;0;0;0;0;0;0;0
Iñaki Williams;Athletic Club;19;19;1626;4;0;21;13;0;0;2;0;14;19;11
Iñigo Córdoba;Athletic Club;12;11;695;0;1;10;3;0;0;3;0;17;11;3
Íñigo Lekue;Athletic Club;5;1;142;0;1;1;0;0;0;0;0;3;1;0
Íñigo Martínez Berridi;Athletic Club;17;17;1530;0;1;14;2;0;0;3;0;18;24;1
Iñigo Pérez;Osasuna;5;0;46;0;0;3;2;0;0;0;0;0;0;0
Isco;Real Madrid;11;6;519;0;0;8;6;0;0;1;0;6;14;2
Ismael Gutiérrez;Alavés;3;1;84;0;0;0;0;0;0;1;0;1;1;0
Ismail Köybasi;Granada CF;1;1;45;0;0;0;0;0;0;0;0;1;0;0
Iván Cuéllar;Leganés;12;12;1080;0;0;0;0;31;2;1;0;0;2;0
Iván López Cristóbal;Leganés;0;0;0;0;0;0;0;0;0;0;0;0;0;0
Ivan Rakitić;Barcelona;13;6;607;0;2;8;2;0;0;2;0;10;17;0
Iván Ramis;Eibar;7;6;458;1;0;4;2;0;0;1;0;4;5;0
Ivan Saponjic;Atlético de Madrid;0;0;0;0;0;0;0;0;0;0;0;0;0;0
Iván Villar;Celta de Vigo;0;0;0;0;0;0;0;0;0;0;0;0;0;0
Jaime Mata;Getafe;17;16;1343;5;2;19;9;0;0;6;0;53;31;16
James;Real Madrid;7;4;341;1;1;8;1;0;0;1;0;5;6;2
Jan Oblak;Atlético de Madrid;19;19;1686;0;0;0;0;41;9;0;0;0;5;0
Jaume Costa;Valencia CF;11;9;861;0;0;2;1;0;0;1;0;12;14;1
Jaume Doménech;Valencia CF;6;5;513;0;0;0;0;29;1;0;0;0;0;0
Javier Avilés;Leganés;1;0;12;0;0;0;0;0;0;0;0;0;0;0
Javier Eraso;Leganés;10;3;330;0;0;4;2;0;0;1;0;5;4;1
Javier Hernández Balcázar;Sevilla;9;4;446;1;0;12;6;0;0;0;0;7;12;10
Javier Jiménez;Valencia CF;0;0;0;0;0;0;0;0;0;0;0;0;0;0
Javier López Rodríguez;Español;7;6;541;0;0;0;0;0;0;2;0;9;10;0
Javier Moyano Lujano;Real Valladolid;14;14;1151;0;0;2;0;0;0;2;0;9;11;0
Javier Muñoz;Alavés;1;1;53;0;0;0;0;0;0;0;0;1;0;0
Javier Ontiveros;Villarreal;16;2;300;2;1;22;9;0;0;1;0;11;7;0
Jean-Clair Todibo;Barcelona;2;1;77;0;0;0;0;0;0;0;0;1;0;0
Jesús Navas González;Sevilla;19;19;1709;0;3;4;1;0;0;2;0;8;14;0
Joan Jordán;Sevilla;19;14;1234;2;1;11;4;0;0;4;0;40;17;0
Joan Sastre;Mallorca;14;14;1211;0;2;10;1;0;0;4;0;17;18;0
João Félix Sequeira;Atlético de Madrid;15;14;1089;2;1;30;10;0;0;3;0;19;27;4
Joaquín Fernández;Real Valladolid;10;9;832;1;0;3;2;0;0;6;0;19;4;2
Joaquín José Marín Ruiz;Granada CF;10;8;717;0;0;5;0;0;0;2;0;8;6;0
Joaquín Navarro Jiménez;Alavés;10;10;862;0;0;1;0;0;0;4;0;8;7;0
Joaquín Sánchez Rodríguez;Real Betis;18;14;1165;6;2;15;11;0;0;3;0;7;16;4
Joel Robles;Real Betis;18;18;1538;0;0;0;0;56;2;2;1;1;1;0
John Guidetti;Alavés;5;1;94;0;0;1;0;0;0;0;0;0;1;0
Jon Moncayola;Osasuna;14;7;734;1;0;3;2;0;0;4;0;17;2;0
Jonathan Calleri;Español;11;9;862;1;1;22;5;0;0;1;0;19;18;7
Jonathan Silva;Leganés;17;17;1530;0;0;8;2;0;0;7;0;26;19;0
Jordi Alba Ramos;Barcelona;10;10;872;1;1;3;1;0;0;2;0;7;8;4
Jorge Andújar Moreno;Levante;9;5;459;0;0;2;0;0;0;2;0;9;6;0
Jorge De Frutos;Real Valladolid;3;0;56;0;0;1;0;0;0;0;0;2;0;0
Jorge Miramón;Levante;17;15;1345;0;3;7;3;0;0;2;0;8;15;0
Jorge Molina;Getafe;17;13;963;3;1;15;7;0;0;3;1;16;19;9
Jorge Sáenz;Celta de Vigo;3;2;131;0;0;0;0;0;0;1;1;2;1;0
José Ángel Valdés Díaz;Eibar;13;13;1116;1;1;9;3;0;0;1;0;9;6;0
José Antonio Martínez;Granada CF;11;7;672;0;0;0;0;0;0;0;0;3;5;0
José Antonio Rodríguez Díaz;Granada CF;18;17;1462;4;0;21;9;0;0;3;0;22;27;2
José Arnáiz;Leganés;11;2;295;0;0;6;4;0;0;1;0;6;6;1
José Campaña;Levante;18;18;1587;2;5;13;5;0;0;0;1;16;29;1
Jose Ignacio Fernandez Iglesias;Real Madrid;4;3;303;0;0;4;0;0;0;2;0;7;7;0
José Ignacio Martínez García;Real Valladolid;13;13;1087;0;1;2;0;0;0;2;0;18;6;2
José Luis García del Pozo;Leganés;12;9;806;0;0;8;5;0;0;6;0;22;20;1
José Luis Gayá Peña;Valencia CF;13;12;1048;0;0;2;0;0;0;2;0;10;14;0
Jose Luis Mato Sanmartín;Alavés;18;15;1378;7;0;38;15;0;0;4;0;29;26;4
José Luis Morales;Levante;19;17;1529;1;1;18;9;0;0;1;0;8;7;8
José María Giménez de Vargas;Atlético de Madrid;11;11;990;0;0;6;2;0;0;0;0;7;9;1
José Sanchez;Granada CF;0;0;0;0;0;0;0;0;0;0;0;0;0;0
Joseba Zaldua;Real Sociedad;17;16;1433;0;1;4;2;0;0;6;0;14;40;1
Josep Señé;Mallorca;4;1;134;0;0;0;0;0;0;0;0;1;3;0
Joseph Aidoo;Celta de Vigo;18;18;1594;0;1;7;0;0;0;4;0;12;15;0
Juan Hernández;Mallorca;4;1;199;0;1;9;5;0;0;1;0;3;7;1
Juan Hernández;Celta de Vigo;2;0;21;0;0;0;0;0;0;0;0;0;0;0
Juan Miguel Jiménez López;Real Betis;2;1;75;0;0;3;1;0;0;0;0;0;0;0
Juan Pérez;Osasuna;2;2;180;0;0;0;0;7;0;0;0;0;0;0
Juan Soriano;Leganés;7;7;630;0;0;1;1;17;0;2;0;1;1;0
Juan Villar;Osasuna;9;2;226;1;0;5;3;0;0;1;0;7;2;5
Jules Koundé;Sevilla;13;10;937;0;0;6;4;0;0;2;0;7;3;0
Júnior Firpo;Barcelona;8;7;594;1;0;1;1;0;0;2;0;20;8;1
Junior Wakalible Lago;Mallorca;17;15;1314;4;0;20;9;0;0;2;0;24;24;5
Kang-In Lee;Valencia CF;8;2;221;1;0;4;2;0;0;1;1;6;4;0
Karl Brillant Toko Ekambi;Villarreal;18;11;995;6;2;32;19;0;0;0;0;7;7;7
Kenan Kodro;Athletic Club;5;3;279;1;0;1;1;0;0;0;0;4;6;3
Kenneth Omeruo;Leganés;12;12;1054;0;0;2;0;0;0;4;0;11;4;0
Kevin Gameiro;Valencia CF;12;7;657;4;1;11;5;0;0;0;0;7;4;3
Kévin Manuel Rodrigues;Leganés;11;7;710;1;2;4;2;0;0;0;1;15;4;0
Kevin Soni;Español;1;0;3;0;0;0;0;0;0;0;0;2;0;0
Kevin Vázquez;Celta de Vigo;5;5;424;0;0;0;0;0;0;3;0;6;10;0
Kieran Trippier;Atlético de Madrid;16;15;1315;0;3;0;0;0;0;1;0;12;8;2
Koke Resurrección;Atlético de Madrid;17;16;1435;1;1;10;4;0;0;2;0;7;17;1
Kroos;Real Madrid;17;16;1324;2;3;22;12;0;0;1;0;11;31;0
Laureano Antonio Villa Suárez;Real Valladolid;12;10;757;0;1;6;2;0;0;2;0;11;19;2
Leandro Cabrera;Getafe;17;17;1440;1;0;7;2;0;0;3;0;16;7;1
Leandro Chichizola;Getafe;0;0;0;0;0;0;0;0;0;0;0;0;0;0
Lei Wu;Español;16;10;854;2;0;16;6;0;0;1;0;11;10;6
Lillo;Osasuna;4;2;194;0;0;0;0;0;0;2;0;3;2;1
Lionel Andrés Messi Cuccittini;Barcelona;14;13;1170;13;6;38;29;0;0;1;0;6;16;6
Lisandro Magallán;Alavés;7;5;453;1;0;4;1;0;0;3;0;7;2;0
Lluís López;Español;3;3;270;0;0;1;0;0;0;1;0;2;1;0
Lorenzo Morón;Real Betis;18;13;1173;8;2;26;11;0;0;2;1;18;27;15
Luca Sangalli;Real Sociedad;6;2;186;0;0;5;5;0;0;0;0;0;4;0
Lucas Ariel Ocampos;Sevilla;15;15;1299;5;1;30;15;0;0;5;1;26;25;5
Lucas Olaza;Celta de Vigo;17;17;1528;1;2;6;4;0;0;3;0;14;9;0
Lucas Pérez;Alavés;19;15;1355;8;3;17;10;0;0;2;0;16;8;17
Lucas Vázquez;Real Madrid;7;4;358;1;0;4;2;0;0;1;0;13;5;1
Luis Alberto Suárez Díaz;Barcelona;17;15;1278;11;7;43;29;0;0;4;0;13;14;9
Luis Rioja;Alavés;15;12;974;0;0;4;1;0;0;2;0;12;9;0
Luka Jovic;Real Madrid;12;3;327;1;0;11;2;0;0;2;0;4;1;4
Lumor Agbenyenu;Mallorca;13;10;1039;0;0;5;0;0;0;1;1;10;5;0
Luuk de Jong;Sevilla;16;13;1122;2;0;31;11;0;0;2;0;17;15;10
Manuel Agudo Durán;Sevilla;11;10;732;2;0;18;11;0;0;0;0;19;8;9
Manuel Alejandro García Sánchez;Alavés;17;14;1196;0;0;12;4;0;0;7;1;39;25;3
Manuel Javier Vallejo Galván;Valencia CF;8;2;315;1;0;4;2;0;0;0;0;5;3;1
Manuel Morlanes;Villarreal;2;1;90;0;0;0;0;0;0;0;0;1;0;0
Manuel Reina;Mallorca;18;18;1620;0;0;0;0;67;3;1;0;0;5;0
Manuel Sánchez;Atlético de Madrid;1;1;63;0;0;0;0;0;0;1;0;2;0;1
Manuel Trigueros Muñoz;Villarreal;12;6;537;1;2;5;3;0;0;2;0;8;11;0
Marc Bartra;Real Betis;16;15;1343;2;1;9;3;0;0;3;0;16;21;0
Marc Cardona;Osasuna;9;5;414;1;1;7;2;0;0;1;0;5;5;4
Marc Cucurella;Getafe;19;19;1691;1;3;10;4;0;0;4;0;42;27;1
Marc Navarro;Leganés;4;3;219;0;0;2;0;0;0;1;0;6;0;0
Marc Pedraza;Mallorca;2;1;74;0;0;0;0;0;0;0;0;1;0;0
Marc Roca;Español;19;19;1629;2;1;12;4;0;0;4;0;42;11;0
Marcelo;Real Madrid;6;6;540;0;1;5;4;0;0;1;0;4;6;0
Marcos Llorente;Atlético de Madrid;12;3;311;0;0;2;0;0;0;4;0;5;3;0
Marcos Paulo Mesquita Lopes;Sevilla;1;0;11;0;0;1;0;0;0;0;0;0;0;0
Mariano;Real Madrid;0;0;0;0;0;0;0;0;0;0;0;0;0;0
Mario Gaspar;Villarreal;11;11;981;0;1;5;0;0;0;2;0;11;8;0
Mario Hermoso;Atlético de Madrid;12;10;870;0;0;2;2;0;0;2;0;13;7;2
Mario Rodríguez;Granada CF;0;0;0;0;0;0;0;0;0;0;0;0;0;0
Marko Dmitrović;Eibar;19;19;1710;0;0;0;0;32;5;3;0;1;1;0
Martín Aguirregabiria;Alavés;16;14;1282;0;1;1;0;0;0;2;0;22;13;1
Martin Braithwaite Christensen;Leganés;19;16;1495;6;1;24;15;0;0;1;0;19;24;9
Martin Ødegaard;Real Sociedad;17;17;1530;4;5;21;10;0;0;3;0;20;23;0
Martin Valjent;Mallorca;19;19;1710;0;0;9;1;0;0;3;0;10;6;0
Masip;Real Valladolid;19;19;1710;0;0;0;0;49;6;2;0;0;0;0
Mathías Olivera;Getafe;6;3;344;0;1;1;0;0;0;1;1;8;2;1
Matías Vargas;Español;14;10;888;0;3;8;2;0;0;1;0;6;17;1
Mauro Arambarri;Getafe;17;17;1530;1;1;13;4;0;0;5;0;34;34;0
Maxime Gonalons;Granada CF;12;10;921;0;0;2;1;0;0;5;0;19;16;0
Maximiliano Gómez González;Valencia CF;16;11;1029;7;1;15;12;0;0;2;0;21;33;18
Miguel Alfonso Herrero Javaloyas;Real Valladolid;17;16;1346;1;1;5;2;0;0;4;0;24;8;1
Miguel Ángel Atienza;Eibar;1;0;25;0;0;0;0;0;0;0;0;1;1;0
Miguel Angel Leal;Villarreal;0;0;0;0;0;0;0;0;0;0;0;0;0;0
Miguel Ángel Moyá;Real Sociedad;7;7;630;0;0;0;0;24;2;0;0;0;0;0
Miguel De la Fuente;Real Valladolid;1;0;1;0;0;0;0;0;0;0;0;0;0;0
Mikel Balenziaga;Athletic Club;2;2;180;0;0;0;0;0;0;1;0;1;0;0
Mikel Merino;Real Sociedad;19;18;1635;2;1;17;5;0;0;3;0;41;46;0
Mikel Oyarzabal Ugarte;Real Sociedad;19;19;1645;7;4;32;18;0;0;2;0;26;28;9
Mikel San José;Athletic Club;8;2;265;0;0;3;1;0;0;2;0;4;1;1
Mikel Vesga;Athletic Club;4;3;285;0;0;3;1;0;0;0;0;6;1;0
Miquel Parera;Mallorca;0;0;0;0;0;0;0;0;0;0;0;0;0;0
Moctar Sidi El Hacen El Ide;Real Valladolid;0;0;0;0;0;0;0;0;0;0;0;0;0;0
Modibo Sagnan;Real Sociedad;0;0;0;0;0;0;0;0;0;0;0;0;0;0
Modric Modrić;Real Madrid;14;8;817;3;4;9;5;0;0;1;1;14;11;1
Mohammed Salisu;Real Valladolid;19;18;1646;1;1;3;1;0;0;2;0;13;9;1
Moisés Gómez Bardonado;Villarreal;18;15;1223;3;2;12;7;0;0;1;0;13;14;7
Mouctar Diakhaby;Valencia CF;9;5;506;0;0;0;0;0;0;1;0;9;9;0
Moussa Wagué;Barcelona;1;1;90;0;0;0;0;0;0;0;0;1;0;0
Mubarak Wakaso;Alavés;16;15;1287;0;0;12;1;0;0;10;1;40;24;0
Munir El Haddadi;Sevilla;9;6;577;2;0;16;9;0;0;1;0;10;17;5
Nabil Fekir;Real Betis;16;15;1313;4;1;37;17;0;0;5;0;35;65;6
Navas Navas;Osasuna;5;4;395;0;0;0;0;0;0;1;0;3;3;0
Nélson Cabral Semedo;Barcelona;16;11;934;0;2;2;0;0;0;1;0;12;19;1
Nemanja Gudelj;Sevilla;10;1;291;0;0;1;1;0;0;3;0;8;2;0
Nemanja Maksimović;Getafe;17;16;1395;1;0;10;4;0;0;1;0;8;6;1
Nemanja Radoja;Levante;15;14;1274;1;0;1;1;0;0;2;0;9;14;2
Néstor Alejandro Araújo Razo;Celta de Vigo;17;16;1471;1;1;6;3;0;0;5;0;13;3;0
Nikola Vukčević;Levante;15;7;584;0;1;2;1;0;0;5;0;12;12;0
Norberto Murara Neto;Barcelona;1;1;90;0;0;0;0;1;0;0;0;0;0;0
Oier Olazábal;Levante;0;0;0;0;0;0;0;0;0;0;0;0;0;0
Oier Sanjurjo;Osasuna;15;15;1260;1;0;7;3;0;0;6;1;25;23;1
Oihan Sancet;Athletic Club;5;3;263;0;1;4;2;0;0;1;0;5;4;0
Okay Yokuşlu;Celta de Vigo;8;8;644;0;0;2;1;0;0;2;0;15;3;0
Oliver Burke;Alavés;15;4;570;0;1;5;1;0;0;1;0;9;6;0
Óliver Torres;Sevilla;16;12;908;1;1;8;6;0;0;4;0;18;9;0
Óscar De Marcos;Athletic Club;4;3;188;0;0;0;0;0;0;0;0;1;3;2
Óscar Esau Duarte Gaitán;Levante;5;3;302;0;0;2;1;0;0;0;0;8;2;0
Óscar Melendo;Español;9;5;463;0;0;1;0;0;0;0;0;4;14;0
Óscar Plano;Real Valladolid;19;17;1514;3;2;20;10;0;0;2;0;33;31;2
Óscar Rodríguez;Leganés;18;16;1237;4;1;27;13;0;0;2;1;15;27;1
Ousmane Dembélé;Barcelona;5;3;358;1;0;4;2;0;0;1;1;1;5;4
Pablo Chavarria;Mallorca;5;0;66;0;0;2;0;0;0;0;0;3;0;2
Pablo De Blasis;Eibar;14;9;899;0;2;4;0;0;0;0;0;10;8;0
Pablo Hervías;Real Valladolid;10;4;378;1;0;8;4;0;0;0;0;4;11;1
Pablo Martínez;Levante;1;0;8;0;0;0;0;0;0;0;0;0;1;0
Pablo Piatti;Español;3;0;53;0;0;0;0;0;0;0;0;0;2;1
Pape Cheikh Diop Gueye;Celta de Vigo;12;5;523;0;1;0;0;0;0;3;1;20;13;0
Pape Diop;Eibar;15;14;1224;1;0;11;6;0;0;5;0;28;18;0
Pau Francisco Torres;Villarreal;19;19;1710;1;1;6;1;0;0;3;0;16;4;0
Paulo André Rodrigues de Oliveira;Eibar;17;15;1410;1;0;6;3;0;0;4;1;13;12;0
Pedro Bigas;Eibar;7;6;435;0;0;2;0;0;0;1;0;2;6;0
Pedro León;Eibar;17;12;1038;1;0;18;9;0;0;2;0;9;7;3
Pedro Porro;Real Valladolid;11;6;629;0;0;0;0;0;0;1;0;3;9;0
Pere Pons;Alavés;17;5;643;1;1;1;1;0;0;0;0;13;7;0
Pervis Josué Estupiñán Tenorio;Osasuna;19;19;1707;1;3;7;2;0;0;5;0;19;20;2
Pione Sisto;Celta de Vigo;13;5;537;1;0;15;9;0;0;0;0;3;18;3
Piqué;Barcelona;18;18;1613;1;0;7;4;0;0;8;0;16;10;0
Pol Lozano;Español;1;0;17;0;0;0;0;0;0;0;0;0;0;0
Rafinha;Celta de Vigo;14;11;962;1;0;8;5;0;0;1;0;15;45;1
Ramiro Funes Mori;Villarreal;3;1;92;0;0;1;0;0;0;1;0;1;1;0
Ramon Olamilekan Azeez;Granada CF;13;7;672;2;0;9;2;0;0;3;0;18;10;1
Raúl Albiol Tortajada;Villarreal;18;18;1618;1;0;8;4;0;0;7;0;16;9;1
Raul García;Real Betis;2;0;13;0;0;0;0;0;0;0;0;0;0;0
Raúl García;Athletic Club;18;18;1563;5;1;36;18;0;0;6;0;50;28;9
Raúl García;Real Valladolid;4;3;246;0;0;0;0;0;0;0;0;3;4;0
Renan Augusto Lodi dos Santos;Atlético de Madrid;16;14;1183;1;2;11;2;0;0;1;1;20;21;3
Robert Ibáñez;Osasuna;10;3;344;1;0;3;1;0;0;1;0;5;14;1
Robert Kenedy Nunes do Nascimento;Getafe;10;2;344;1;2;8;3;0;0;1;0;8;6;1
Roberto Antonio Correa Silva;Eibar;4;3;257;0;0;1;0;0;0;0;0;3;4;0
Roberto José Rosales Altuve;Leganés;11;10;901;0;1;1;0;0;0;5;0;17;5;1
Roberto Soldado;Granada CF;17;16;1249;2;3;8;3;0;0;8;0;23;28;11
Roberto Torres;Osasuna;19;18;1573;4;5;42;14;0;0;1;0;11;21;1
Robin Le Normand;Real Sociedad;13;8;832;1;0;4;1;0;0;5;0;16;8;0
Rodrigo Ely;Alavés;13;13;1136;0;0;2;0;0;0;3;0;17;8;1
Rodrigo Moreno Machado;Valencia CF;17;16;1240;2;6;23;10;0;0;2;1;12;21;4
Rodrigo Riquelme;Atlético de Madrid;1;0;12;0;0;1;0;0;0;0;0;0;1;0
Rodrigo Tarín;Leganés;6;4;311;0;0;1;0;0;0;1;0;3;3;0
Rodrygo Silva de Goes;Real Madrid;10;6;514;2;0;8;4;0;0;0;0;7;9;1
Roger Martí;Levante;18;11;982;9;0;22;14;0;0;3;0;19;18;4
Ronald Araújo;Barcelona;1;0;14;0;0;0;0;0;0;0;1;1;0;0
Roque Mesa;Leganés;15;13;1180;1;2;12;7;0;0;6;0;21;26;1
Rubén Alcaraz;Real Valladolid;9;5;540;0;1;5;2;0;0;6;0;11;21;0
Rubén Blanco;Celta de Vigo;17;17;1530;0;0;0;0;54;3;2;0;0;2;0
Rubén Duarte;Alavés;17;17;1530;0;1;12;6;0;0;6;0;25;19;0
Rubén García;Osasuna;17;16;1357;5;1;27;12;0;0;3;0;30;15;2
Rubén Martínez;Osasuna;13;13;1099;0;0;0;0;22;3;0;0;0;1;0
Rúben Miguel Nunes Vezo;Levante;14;14;1260;0;0;6;2;0;0;4;0;16;16;0
Rubén Pardo;Real Sociedad;0;0;0;0;0;0;0;0;0;0;0;0;0;0
Rubén Peña;Villarreal;12;9;857;0;1;2;1;0;0;1;0;19;7;0
Rubén Pérez;Leganés;13;13;1119;0;0;6;2;0;0;4;0;19;19;0
Rubén Rochina;Levante;15;10;905;2;0;24;7;0;0;3;0;16;25;1
Rubén Sobrino;Valencia CF;6;1;116;1;0;4;3;0;0;0;0;6;5;0
Rui Tiago Dantas da Silva;Granada CF;19;19;1710;0;0;0;0;60;8;1;0;0;2;0
Sabin Merino;Leganés;2;1;78;0;0;0;0;0;0;0;0;0;1;0
Salvador Sevilla;Mallorca;18;18;1397;3;1;12;7;0;0;5;0;19;10;1
Samuel Chimerenka Chukwueze;Villarreal;18;11;1106;3;1;16;7;0;0;0;0;5;22;7
Samuel Yves;Barcelona;5;4;367;0;0;0;0;0;0;2;0;8;5;1
Sandro Ramírez;Real Valladolid;14;10;788;1;0;22;10;0;0;2;0;12;22;4
Santi Mina;Celta de Vigo;16;12;1095;2;2;24;7;0;0;4;0;33;21;5
Santiago Arias;Atlético de Madrid;5;4;395;0;1;2;1;0;0;0;0;3;8;0
Santiago Cáseres;Villarreal;0;0;0;0;0;0;0;0;0;0;0;0;0;0
Santiago Cazorla González;Villarreal;16;13;1158;6;4;23;16;0;0;1;0;12;16;1
Saúl Ñíguez Esclapez;Atlético de Madrid;18;18;1620;2;0;21;6;0;0;5;0;35;13;4
Sébastien Corchia;Español;3;3;269;0;0;2;1;0;0;1;0;4;5;0
Sergi Darder;Español;18;16;1398;2;0;21;5;0;0;1;0;11;17;1
Sergi Enrich;Eibar;13;10;848;1;0;9;2;0;0;2;0;28;11;6
Sergi Gómez Solà;Sevilla;1;0;7;0;0;0;0;0;0;0;0;0;0;0
Sergi Roberto;Barcelona;17;16;1361;0;2;2;1;0;0;6;0;12;22;0
Sergio Álvarez;Eibar;8;6;496;0;0;1;0;2;1;4;0;10;6;0
Sergio Álvarez;Celta de Vigo;2;2;180;0;0;0;0;0;0;2;0;0;0;0
Sergio Asenjo;Villarreal;16;16;1440;0;0;0;0;44;6;1;0;2;2;0
Sergio Bermejo;Celta de Vigo;1;0;4;0;0;0;0;0;0;0;0;0;0;0
Sergio Busquets i Burgos;Barcelona;15;12;1111;1;2;3;2;0;0;5;0;17;22;0
Sergio Camello;Atlético de Madrid;0;0;0;0;0;0;0;0;0;0;0;0;0;0
Sergio Canales Madrazo;Real Betis;18;18;1574;1;1;15;3;0;0;3;0;15;21;0
Sergio Carreira;Celta de Vigo;0;0;0;0;0;0;0;0;0;0;0;0;0;0
Sergio Cubero;Eibar;0;0;0;0;0;0;0;0;0;0;0;0;0;0
Sergio Escudero;Sevilla;4;2;234;0;0;2;2;0;0;1;0;2;3;0
Sergio Guardiola Navarro;Real Valladolid;19;18;1552;4;1;26;11;0;0;4;0;31;35;9
Sergio Herrera;Osasuna;5;4;431;0;0;0;0;22;0;2;0;0;4;0
Sergio León;Levante;10;4;410;1;0;10;3;0;0;2;0;6;4;9
Sergio Postigo;Levante;13;13;1122;1;0;3;2;0;0;3;0;8;8;1
Sergio Ramos García;Real Madrid;18;18;1590;3;0;18;8;0;0;5;0;28;13;1
Sergio Reguilón Rodríguez;Sevilla;16;16;1369;1;2;11;4;0;0;5;0;29;23;3
Sidnei Rechel da Silva Júnior;Real Betis;7;7;592;0;0;1;1;0;0;0;0;3;3;0
Stanislav Lobotka;Celta de Vigo;17;17;1391;0;0;5;3;0;0;1;0;11;21;1
Stefan Savić;Atlético de Madrid;6;6;540;0;0;2;2;0;0;1;0;6;4;0
Stiven Plaza;Real Valladolid;0;0;0;0;0;0;0;0;0;0;0;0;0;0
Takashi Inui;Eibar;14;13;1078;1;2;18;5;0;0;2;0;20;13;3
Takefusa Kubo;Mallorca;16;10;1046;1;1;13;7;0;0;1;0;19;30;1
Tejero;Eibar;11;9;855;0;0;1;0;0;0;3;0;11;13;1
ter Stegen;Barcelona;18;18;1620;0;2;0;0;36;5;0;0;0;2;0
Thibaut Courtois;Real Madrid;16;16;1440;0;0;1;1;34;9;0;0;0;2;0
Thierry Rendall Correia;Valencia CF;2;2;180;0;0;0;0;0;0;0;0;3;5;0
Thomas Lemar;Atlético de Madrid;15;9;765;0;0;2;2;0;0;1;0;6;7;0
Thomas Teye Partey;Atlético de Madrid;17;14;1226;1;0;5;2;0;0;8;0;27;13;0
Tomás Pina;Alavés;13;12;899;1;0;1;1;0;0;3;0;24;12;0
Tomáš Vaclík;Sevilla;19;19;1710;0;0;0;0;36;8;0;0;0;2;0
Unai Bustinza;Leganés;16;15;1341;0;1;5;3;0;0;2;0;25;21;3
Unai García;Osasuna;1;0;18;0;0;0;0;0;0;0;0;0;0;0
Unai López;Athletic Club;14;13;943;0;3;10;3;0;0;4;0;20;11;1
Unai Núñez;Athletic Club;7;6;585;0;0;1;1;0;0;3;0;8;0;0
Unai Simón;Athletic Club;18;18;1620;0;0;0;0;49;9;2;0;1;2;0
Varane;Real Madrid;15;15;1350;2;1;4;2;0;0;1;0;7;4;0
Vasyl Kravets;Leganés;0;0;0;0;0;0;0;0;0;0;0;0;0;0
Vicente Esquerdo;Valencia CF;2;0;11;0;0;0;0;0;0;0;0;0;0;0
Vicente Iborra;Villarreal;18;18;1498;0;1;9;1;0;0;5;0;27;27;0
Víctor Campuzano;Español;13;7;697;0;0;9;6;0;0;2;0;22;11;11
Víctor Díaz;Granada CF;18;18;1620;0;5;8;0;0;0;2;0;11;7;1
Víctor Gómez;Español;10;10;859;0;0;2;0;0;0;1;0;12;17;0
Víctor Laguardia;Alavés;13;13;1169;1;1;5;2;0;0;5;1;19;5;1
Víctor Machín Pérez;Atlético de Madrid;13;5;567;2;1;10;7;0;0;2;0;11;15;2
Víctor Sánchez;Español;15;15;1231;0;1;5;0;0;0;5;0;31;22;0
Vinicius José Paixão de Oliveira Júnior;Real Madrid;12;6;600;1;1;16;10;0;0;2;0;7;10;3
Vitorino Gabriel Pacheco Antunes;Getafe;1;0;5;0;0;0;0;0;0;0;0;0;0;0
Waldo Rubio;Real Valladolid;10;4;425;0;1;6;2;0;0;3;0;7;3;2
William Silva de Carvalho;Real Betis;6;6;475;0;0;4;2;0;0;3;1;6;4;0
Willian José;Real Sociedad;19;16;1219;8;0;28;14;0;0;3;0;16;8;8
Xabier Etxeita;Getafe;4;3;315;0;0;0;0;0;0;2;0;4;1;0
Xavier Quintillá;Villarreal;15;15;1317;0;2;3;1;0;0;4;0;23;10;0
Yan Brice Eteki;Granada CF;10;6;541;0;0;2;0;0;0;3;0;27;9;0
Yangel Clemente Herrera Ravelo;Granada CF;13;12;1038;2;0;13;4;0;0;6;0;38;20;2
Yannis Salibur;Mallorca;2;0;52;0;0;0;0;0;0;0;0;2;3;0
Yassine Bounou;Sevilla;0;0;0;0;0;0;0;0;0;0;0;0;0;0
Yeray Álvarez;Athletic Club;17;17;1530;0;0;4;0;0;0;2;0;14;18;0
Yoel Rodríguez;Eibar;0;0;0;0;0;0;0;0;0;0;0;0;0;0
Youssef En-Nesyri;Leganés;18;15;1383;4;2;33;17;0;0;2;0;21;19;17
Yuri;Athletic Club;17;17;1529;2;0;12;6;0;0;1;0;20;32;0
Zouhair Feddal;Real Betis;10;10;849;0;1;3;1;0;0;7;1;14;7;0
